ABCP11;Grand Plaza Shopping;70,68-0,62%;38058;18,5;Shopping/Varejo;RIO BRAVO;
;;44749,43819;;;;;
AFHI11;AF Invest CRI;99,26+0,01%;44291;100;Recebíveis Imobiliários;BTG PACTUAL;
;;44749,43958;;;;;
AFOF11;Alianza FOF;89,00+0,01%;44278;100;Fundo de Fundos;BRL TRUST;
;;44749,42014;;;;;
AIEC11;Autonomy Edifícios Corporativos;73,85+0,01%;44076;100;Lajes Comerciais;MAF;
;;44749,4375;;;;;
ALMI11;Torre Almirante;895,00-0,5%;38504;1000;Lajes Comerciais;BTG PACTUAL;
;;44749,42847;;;;;
ALZC11;Alianza Crédito Imobiliário;N/D;N/D;0;N/D;BTG PACTUAL;
ALZR11;Alianza Trust Renda Imobiliária;116,95+0,13%;43104;100;Híbrido;N/D;
;;44749,44028;;;;;
ANCR11B;Ancar IC;3.500,00+5,63%;39309;600;Shopping/Varejo;GENIAL INVESTIMENTOS;
;;44578,21186;;;;;
APTO11;Navi Residencial;10,00+1,83%;N/D;10;N/D;BRL TRUST;
;;44749,43958;;;;;
AQLL11;Áquilla;N/D;41080;1000;Incorporação;ÍNDIGO INVESTIMENTOS;
ARCT11;Riza Arctium Real Estate;107,45-0,02%;43717;100;Logisticos;BTG PACTUAL;
;;44749,43958;;;;;
ARFI11B;AQ3 Renda;N/D;41334;1000;Recebíveis Imobiliários;ÍNDIGO INVESTIMENTOS;
ARRI11;Átrio Reit Recebíveis Imobiliários;94,63+0,01%;43769;100;Recebíveis Imobiliários;OLIVEIRA TRUST;
;;44749,43889;;;;;
ATCR11;HAZ FII;N/D;41535;100;Hoteis;RJI;
ATSA11;Hedge Atrium Shopping Santo André;87,75-0,28%;40525;1000;Shopping/Varejo;HEDGE INVESTMENTS;
;;44748,69444;;;;;
ATWN11;Airport Town;N/D;N/D;100;Incorporação;REAG;
AURB11;Alianza Urban Hub Renda;N/D;N/D;0;N/D;BTG PACTUAL;
BARI11;Barigui Rendimentos;100,06-0,13%;43637;100;Recebíveis Imobiliários;OLIVEIRA TRUST;
;;44749,44028;;;;;
BBFI11B;BB Progressivo;1.737,00-1,75%;38322;1000;Agencias Bancárias;BTG PACTUAL;
;;44749,41944;;;;;
BBFO11;BB Fundo de Fundos;70,22-0,03%;44193;100;Fundo de Fundos;BB GESTAO DE RECURSOS;
;;44749,44028;;;;;
BBGO11;BB Crédito Fiagro;85,00-1,16%;44593;100;Agronegócio;BB GESTAO DE RECURSOS;
;;44749,43472;;;;;
BBIM11;BB Recebíveis Imobiliários;N/D;42248;100;Recebíveis Imobiliários;BB GESTAO DE RECURSOS;
BBPO11;BB Progressivo II;78,70+0,19%;41255;100;Agencias Bancárias;VOTORANTIM ASSET;
;;44749,43958;;;;;
BBRC11;BB Renda Corporativa;98,25+0,78%;40714;100;Agencias Bancárias;BV DTVM;
;;44749,43958;;;;;
BCFF11;BTG Pactual Fundo de Fundos;63,93-0,37%;40346;100;Fundo de Fundos;BTG PACTUAL;
;;44749,44028;;;;;
BCIA11;Bradesco Carteira Imobiliária Ativa;82,00+0,07%;42149;100;Fundo de Fundos;BANCO BRADESCO;
;;44749,44028;;;;;
BCRI11;Banestes Recebíveis Imobiliários;107,30+0,03%;42186;100;Recebíveis Imobiliários;BRL TRUST;
;;44749,44028;;;;;
BDIF11;BTG Pactual Dívida FI-Infra;98,54+0,55%;44291;100;N/D;BTG PACTUAL;
;;44749,4375;;;;;
BICE11;Brio Crédito Estruturado;10;N/D;100;Recebíveis Imobiliários;BRL TRUST;
;;44592,75;;;;;
BICR11;Inter Títulos Imobiliários;99,01+0,01%;43825;100;Recebíveis Imobiliários;INTER DTVM;
;;44746,5625;;;;;
BIDB11;Inter FI-Infra;88,98+0,3%;N/D;100;N/D;INTER DTVM;
;;44749,43681;;;;;
BIME11;Brio Multiestratégia;9,36+0,11%;44501;10;N/D;BRL TRUST;
;;44749,44028;;;;;
BJRC11;JS Real Estate Recebíveis Imobiliários;N/D;41204;1000;Recebíveis Imobiliários;BANCO J. SAFRA;
BLCA11;BlueMacaw Catuaí Triple A;0,95;N/D;0;Lajes Comerciais;BTG PACTUAL;
;;44742,42917;;;;;
BLCP11;Bluecap Renda Logística;0,8579;43976;100;Logisticos;BTG PACTUAL;
;;44748,45486;;;;;
BLMC11;BlueMacaw Crédito Imobiliário;0,899;44232;100;Recebíveis Imobiliários;BTG PACTUAL;
;;44749,41667;;;;;
BLMG11;BlueMacaw Logística;78,00+0,52%;44134;100;Logisticos;VÓRTX;
;;44749,43819;;;;;
BLMO11;BlueMacaw Office Fund II;248;43924;25000;Lajes Comerciais;BRL TRUST;
;;44704,56875;;;;;
BLMR11;BlueMacaw Renda + FOF;7,04+0,25%;44056;10;Fundo de Fundos;BRL TRUST;
;;44749,43889;;;;;
BLUR11;Blue Recebíveis Imobiliários;1,0475;44643;0;Recebíveis Imobiliários;BANCO DAYCOVAL;
;;44747,47778;;;;;
BMII11;Brasílio Machado;N/D;40444;1;Lajes Comerciais;RIO BRAVO;
BMLC11;BM Brascan Lajes Corporativas;0,9651;40953;100;Lajes Comerciais;BTG PACTUAL;
;;44748,675;;;;;
BNFS11;Banrisul Novas Fronteiras;116,61+0,01%;41177;100;Agencias Bancárias;OLIVEIRA TRUST;
;;44749,41806;;;;;
BODB11;Bocaina FI-Infra;10,21+0,2%;44684;10,46;N/D;BTG PACTUAL;
;;44749,4375;;;;;
BPFF11;Brasil Plural Absoluto Fundo de Fundos;62,41+0,48%;41379;100;Fundo de Fundos;GENIAL INVESTIMENTOS;
;;44749,44028;;;;;
BPMA11;Brio Prime Malls;N/D;N/D;1000;Shopping/Varejo;BRL TRUST;
BPML11;BTG Pactual Shoppings;66,83+8,84%;43672;100;Shopping/Varejo;BTG PACTUAL;
;;44749,43611;;;;;
BPRP11;BRLPROP;102,00-2,84%;43705;100;Logisticos;BTG PACTUAL;
;;44746,44514;;;;;
BRCO11;Bresco Logística;98,28-0,22%;43804;100;Logisticos;OLIVEIRA TRUST;
;;44749,43958;;;;;
BRCR11;BTG Pactual Corporate Office Fund;59,50+0,3%;40513;100;Lajes Comerciais;BTG PACTUAL;
;;44749,44028;;;;;
BREV11;Brazil Real Estate Victory Fund I;96,50-0,5%;43851;100;Lajes Comerciais;BR-CAPITAL;
;;44747,68819;;;;;
BRHT11B;BR Hoteis;N/D;41477;100;Hoteis;ELITE CCVM;
BRIM11;Brio Real Estate II;10,18;44027;1000;Incorporação Residencial;BRL TRUST;
;;44746,49861;;;;;
BRIP11;Brio Real Estate III;1.212,00+21,19%;44120;1000;Incorporação Residencial;BRL TRUST;
;;44678,44861;;;;;
BRLA11;BRL Prop II;145,00+3,44%;44083;100;Logisticos;BTG PACTUAL;
;;44685,70833;;;;;
BTAL11;Btg Pactual Agro Logística;93,37+0,45%;44225;100;Agronegócio;btg pactual;
;;44749,43958;;;;;
BTCR11;BTG Pactual Crédito Imobiliário;96,98+0,29%;43251;100;Recebíveis Imobiliários;btg pactual;
;;44749,44028;;;;;
BTLG11;BTG Pactual Logística;97,70+0,54%;40402;100;Logisticos;null;
;;44749,44028;;;;;
BTRA11;BTG Pactual Terras Agrícolas;82,07+0,18%;44407;100;Agronegócio;btg pactual;
;;44749,4375;;;;;
BTSG11;BTSP I;99,21+100%;N/D;100;Incorporação;INTER DTVM;
;;44578,21229;;;;;
BTSI11;BTSP II;N/D;N/D;0;N/D;INTER DTVM;
BTWR11;BTowers;1,0549;N/D;0;Lajes Comerciais;BRL TRUST;
;;44736,46875;;;;;
BVAR11;Brasil Varejo;N/D;42108;100;Lajes Comerciais;RIO BRAVO;
BZEL11;Barzel;N/D;N/D;100;Híbrido;BRL TRUST;
BZLI11;Brazil Realty;0,1739;43069;8,11;Híbrido;PLANNER;
;;44740,52847;;;;;
CACR11;Cartesia Recebíveis Imobiliários;99,52-0,33%;43854;100;Recebíveis Imobiliários;CM CAPITAL MARKETS;
;;44749,43889;;;;;
CARE11;Brazilian GraveyardDeath Care;4,10+4,06%;41334;5;Outros;PLANNER;
;;44749,43889;;;;;
CBOP11;Castello Branco Office Park;59,89-0,51%;41703;100;Lajes Comerciais;CREDIT SUISSE;
;;44749,43681;;;;;
CCRF11;RBR CRI;99,00-0,41%;44320;100;Recebíveis Imobiliários;BTG PACTUAL;
;;44747,57708;;;;;
CEOC11;CEO Cyrela Commercial Properties;59,32-0,05%;41186;100;Lajes Comerciais;BTG PACTUAL;
;;44748,70208;;;;;
CFHI11;CF2 FII;963,48+963,488%;N/D;1000;Lajes Comerciais;VÓRTX;
;;44578,21213;;;;;
CJCT11;Cidade Jardim Continental Tower;81,49+0,61%;40542;100;Lajes Comerciais;HEDGE INVESTMENTS;
;;44748,69514;;;;;
CJFI11;CJ FII;N/D;N/D;1;Lajes Comerciais;BTG PACTUAL;
CNES11;Cenesp;33,75-1,02%;40759;100;Lajes Comerciais;BTG PACTUAL;
;;44748,59722;;;;;
CORM11;Core Metropolis;0,89;44253;100;Lajes Comerciais;BTG PACTUAL;
;;44749,41667;;;;;
CPFF11;Capitânia REIT FOF;68,70-0,29%;43832;100;Fundo de Fundos;BTG PACTUAL;
;;44749,44028;;;;;
CPTI11;Capitânia FI-Infra;1,034;N/D;0;N/D;BTG PACTUAL;
;;44749,43958;;;;;
CPTR11;Capitânia Agro Strategies Fiagro;1,008;N/D;0;Agronegócio;BTG PACTUAL;
;;44749,43264;;;;;
CPTS11;Capitânia Securities II;91,67+0,49%;41879;100;Recebíveis Imobiliários;BTG PACTUAL;
;;44749,44028;;;;;
CRFF11;Caixa Rio Bravo Fundo de Fundos II;0,6695;43602;100;Fundo de Fundos;CAIXA ECONOMICA FEDERAL;
;;44749,44028;;;;;
CTXT11;Centro Têxtil Internacional;0,1389;41255;42;Lajes Comerciais;RIO BRAVO;
;;44749,42153;;;;;
CVBI11;VBI CRI;100,22+0,24%;43734;100;Recebíveis Imobiliários;BRL TRUST;
;;44749,43958;;;;;
CXAG11;Caixa Agencias;75,01+0,24%;44560;103,7;Agencias Bancárias;OLIVEIRA TRUST;
;;44749,43472;;;;;
CXCE11B;Caixa Cedae;36,11+0,11%;40241;1000;Lajes Comerciais;CAIXA ECONOMICA FEDERAL;
;;44748,70347;;;;;
CXCI11;Caixa Carteira Imobiliária;77,00+0,25%;44642;100;Fundo de Fundos;CAIXA ECONOMICA FEDERAL;
;;44749,42431;;;;;
CXCO11;Caixa Imóveis Corporativos;75,50+1,34%;44286;102,89;Lajes Comerciais;VÓRTX;
;;44749,43958;;;;;
CXRI11;Caixa Rio Bravo Fundo de Fundos;63,10+0,23%;41620;100;Fundo de Fundos;CAIXA ECONOMICA FEDERAL;
;;44748,66319;;;;;
CXTL11;Caixa Seq Logística Renda;348,98-0,01%;40925;1000;Logisticos;CAIXA ECONOMICA FEDERAL;
;;44749,41736;;;;;
CYCR11;Cyrela Crédito;99,50-2,39%;44523;100;Recebíveis Imobiliários;BANCO GENIAL;
;;44748,67292;;;;;
DAMT11B;Diamante;0,0091;N/D;1;Shopping/Varejo;BTG PACTUAL;
;;44749,43958;;;;;
DCRA11;Devant Fiagro;9,88+0,61%;44600;10;Agronegócio;BANCO DAYCOVAL;
;;44749,44028;;;;;
DEVA11;Devant Recebíveis Imobiliários;100,72+0,22%;44069;100;Recebíveis Imobiliários;VÓRTX;
;;44749,44028;;;;;
DLMT11;Del Monte Ajax;N/D;N/D;1;Lajes Comerciais;PLANNER;
DMAC11;MAC FII;N/D;43343;1000;Incorporação Residencial;OLIVEIRA TRUST;
DOVL11B;Dovel;921,81+922,081%;39780;1000;Lajes Comerciais;BRL TRUST;
;;44578,21186;;;;;
DPRO11;Devant Properties;N/D;N/D;0;Logisticos;N/D;
DRIT11B;Multigestão Renda Comercial;0,8501;40752;100;Lajes Comerciais;BANCO DAYCOVAL;
;;44747,58333;;;;;
DVFF11;Devant Fundo de Fundos;70,49+0,71%;44400;100;Fundo de Fundos;BANCO DAYCOVAL;
;;44748,54444;;;;;
EDFO11B;Edifício Ourinvest;201,00-1,59%;38740;100;Lajes Comerciais;OLIVEIRA TRUST;
;;44749,43333;;;;;
EDGA11;Edifício Galeria;18,13+0,28%;41164;100;Lajes Comerciais;BTG PACTUAL;
;;44749,43681;;;;;
EGAF11;Ecoagro I Fiagro;104,00+1,46%;44589;100;Agronegócio;VÓRTX;
;;44749,43958;;;;;
EGYR11;Energy Resort;1,73-0,57%;N/D;1;Incorporação Residencial;REAG;
;;44749,43472;;;;;
ELDO11B;Eldorado;683,36+700,755%;40498;1000;Shopping/Varejo;RIO BRAVO;
;;44578,21186;;;;;
EQIR11;EQI Recebíveis Imobiliários;94,10+0,1%;44522;100;Recebíveis Imobiliários;N/D;
;;44746,69444;;;;;
ERCR11;Estoque Residencial e Comercial Rio de Janeiro;72.991,40+76000%;44183;100;Incorporação Residencial;OLIVEIRA TRUST;
;;44578,2122;;;;;
ERPA11;Europa 105;126,50+5,42%;43539;100;Lajes Comerciais;OLIVEIRA TRUST;
;;44749,43681;;;;;
ESTQ11;Polo Estoque II;N/D;N/D;1;Lajes Comerciais;OLIVEIRA TRUST;
EURO11;Europar;206,04-0,45%;37638;100;Logisticos;COINVALORES;
;;44748,71319;;;;;
EVBI11;VBI Consumo Essencial;95,20-0,02%;43853;100;Outros;BRL TRUST;
;;44748,70833;;;;;
EXES11;Exes;102,77+2,77%;N/D;0;N/D;N/D;
;;44739;;;;;
FAED11;Anhanguera Educacional;135,21-0,21%;40186;100;Educacional;BTG PACTUAL;
;;44748,69167;;;;;
FAMB11B;Edifício Almirante Barroso;7,8001;37712;1000;Lajes Comerciais;BTG PACTUAL;
;;44748,70208;;;;;
FATN11;Athena I;96,00+1,19%;43986;100;Híbrido;BR-CAPITAL;
;;44749,43958;;;;;
FCAS11;Edifício Castelo;N/D;41213;100;Lajes Comerciais;BTG PACTUAL;
FCFL11;Campus Faria Lima;114,70+0,61%;40386;50;Educacional;BTG PACTUAL;
;;44749,43958;;;;;
FEXC11;BTG Pactual Fundo de CRI;88,29+0,12%;39983;100;Recebíveis Imobiliários;null;
;;44749,43889;;;;;
FGAA11;FG/Agro Fiagro;10,88-0,18%;44573;10;Agronegócio;BRL TRUST;
;;44749,44028;;;;;
FGPM11;Grand Plaza Mall;N/D;N/D;100;Shopping/Varejo;RIO BRAVO;
FIGS11;General Shopping Ativo e Renda;47,70+0,87%;41452;100;Shopping/Varejo;HEDGE INVESTMENTS;
;;44749,43472;;;;;
FIIB11;Industrial do Brasil;425,97+0,23%;40903;300;Logisticos;COINVALORES;
;;44749,43819;;;;;
FIIP11B;RB Capital Renda I;152,09+0,05%;40177;100;Híbrido;OLIVEIRA TRUST;
;;44748,70208;;;;;
FINF11;Infra Real Estate;N/D;41899;150;Logisticos;PLANNER;
FISC11;SC 401;162,56+162,781%;43461;100;Lajes Comerciais;BR-CAPITAL;
;;44578,21233;;;;;
FISD11;São Domingos;188,40+188,402%;42795;100;Recebíveis Imobiliários;RJI;
;;44578,21218;;;;;
FIVN11;Vida Nova;2,13+0,95%;41821;10;Incorporação Residencial;OLIVEIRA TRUST;
;;44749,43403;;;;;
FLCR11;Faria Lima Capital Recebíveis Imobiliários I;99,95-0,1%;43760;100;Recebíveis Imobiliários;BRL TRUST;
;;44749,44028;;;;;
FLMA11;Continental Square Faria Lima;111,87+1,56%;36839;50;Lajes Comerciais;BR-CAPITAL;
;;44749,43472;;;;;
FLRP11;Floripa Shopping;14,25;40105;1000;Shopping/Varejo;BTG PACTUAL;
;;44748,64583;;;;;
FMOF11;Memorial Office;62,00+0,01%;39671;100;Lajes Comerciais;COINVALORES;
;;44729,60833;;;;;
FOFT11;Hedge TOP FOFII 2;N/D;41408;100;Fundo de Fundos;HEDGE INVESTMENTS;
FPAB11;Projeto Água Branca;197,96+2,04%;38944;160;Lajes Comerciais;COINVALORES;
;;44749,42778;;;;;
FPNG11;Pedra Negra Renda Imobiliária;0,65;42464;100;Lajes Comerciais;BR-CAPITAL;
;;44740,48611;;;;;
FTCE11B;Opportunity;2.846,00+17,25%;35345;1000;Lajes Comerciais;BRL TRUST;
;;44665,46875;;;;;
FTMJ11;TMJ FII;N/D;42898;800;Recebíveis Imobiliários;GRADUAL;
FVBI11;VBI FL 4440;N/D;41093;100;Lajes Comerciais;BTG PACTUAL;
FVPQ11;Via Parque;115,08+0,68%;35009;100;Shopping/Varejo;RIO BRAVO;
;;44748,69444;;;;;
FZDA11;051 Agro Fiagro;N/D;N/D;0;N/D;N/D;
GALG11;Guardian Logística;91,31-0,43%;44202;100;Logisticos;BRL TRUST;
;;44749,44028;;;;;
GAME11;Guardian Multiestratégia Imobiliária I;10,00+0,1%;44610;10;Recebíveis Imobiliários;BANCO DAYCOVAL;
;;44749,43889;;;;;
GCFF11;Galapagos Fundo de Fundos;70,26-0,13%;44032;100;Fundo de Fundos;BTG PACTUAL;
;;44749,42778;;;;;
GCRA11;Galapagos Recebíveis do Agronegócio Fiagro;102,85+0,7%;44580;100;Agronegócio;SINGULARE;
;;44749,4375;;;;;
GCRI11;Galapagos Recebíveis Imobiliários;97,59+0,09%;44175;100;Recebíveis Imobiliários;BTG PACTUAL;
;;44749,4375;;;;;
GESE11B;General Severiano;1.372,12+1387,811%;42555;1000;Outros;BTG PACTUAL;
;;44578,21186;;;;;
GGRC11;GGR Covepi;107,73+0,21%;42858;100;Logisticos;CM CAPITAL MARKETS;
;;44749,43958;;;;;
GRLV11;GR Louveira;N/D;41696;100;Logisticos;HEDGE INVESTMENTS;
GSFI11;General Shopping e Outlets;4,54+0,89%;43587;10;Shopping/Varejo;PLANNER;
;;44749,43681;;;;;
GTLG11;Gtis Brazil Logistics;99,83+0,68%;44508;100;Logisticos;BRL TRUST;
;;44748,70417;;;;;
GTWR11;Green Towers;70,20+0,36%;43635;100;Lajes Comerciais;BV DTVM;
;;44749,43958;;;;;
GWIC11;GWI Condomínios Logísticos;N/D;40402;100;Logisticos;BTG PACTUAL;
HAAA11;Hedge AAA;89,78-2,77%;44193;100;Lajes Comerciais;HEDGE INVESTMENTS;
;;44748,71181;;;;;
HABT11;Habitat Recebíveis Pulverizados;99,94-0,06%;43675;100;Recebíveis Imobiliários;VÓRTX;
;;44749,44028;;;;;
HBCR11;HBC Renda Urbana;1,0848;N/D;100;Lajes Comerciais;BANCO GENIAL;
;;44746,63819;;;;;
HBRH11;Multi Renda Urbana;84,00+1,69%;43969;100;Lajes Comerciais;BRL TRUST;
;;44749,42431;;;;;
HBTT11;Habitat I;1.055,00+1069,68%;42872;1000;Recebíveis Imobiliários;VÓRTX;
;;44104,78125;;;;;
HCHG11;Hectare Recebíveis High Grade;80,50+0,63%;44389;100;Recebíveis Imobiliários;VÓRTX;
;;44749,43958;;;;;
HCPR11;Hectare Properties;N/D;N/D;0;N/D;N/D;
HCRI11;Hospital da Criança;205,99+2,48%;38504;100;Hospital;BTG PACTUAL;
;;44749,44028;;;;;
HCST11;Hectare Desenvolvimento Student Housing;95,88-1,19%;N/D;1000;Residencial;VÓRTX;
;;44720,53681;;;;;
HCTR11;Hectare CE;114,56-0,05%;43657;100;Recebíveis Imobiliários;VÓRTX;
;;44749,44028;;;;;
HDOF11;Hedge Paladin Design Offices;110,00+10%;N/D;100;Lajes Comerciais;HEDGE INVESTMENTS;
;;44599,66319;;;;;
HFOF11;Hedge TOP FOFII 3;68,64+0,2%;43159;100;Fundo de Fundos;HEDGE INVESTMENTS;
;;44749,43958;;;;;
HGAG11;High Fiagro;N/D;N/D;0;N/D;N/D;
HGBS11;Hedge Brasil Shopping;172,86-0,14%;39427;100;Shopping/Varejo;HEDGE INVESTMENTS;
;;44749,43889;;;;;
HGCR11;CSHG Recebíveis Imobiliários;103,71-0,04%;40191;100;Recebíveis Imobiliários;CREDIT SUISSE;
;;44749,44028;;;;;
HGFF11;CSHG Imobiliário FOF;69,71-0,61%;43703;100;Fundo de Fundos;CREDIT SUISSE;
;;44749,43958;;;;;
HGIC11;HGI Créditos Imobiliários;1,1;44298;104,25;Recebíveis Imobiliários;VÓRTX;
;;44749,41667;;;;;
HGLG11;CSHG Logística;161,97+0,22%;40354;100;Logisticos;CREDIT SUISSE;
;;44749,44028;;;;;
HGPO11;CSHG Prime Offices;260,99+0,38%;40128;100;Lajes Comerciais;CREDIT SUISSE;
;;44749,41875;;;;;
HGRE11;CSHG Real Estate;129,16-0,17%;39574;100;Lajes Comerciais;CREDIT SUISSE;
;;44749,44028;;;;;
HGRS11;CSHG Residencial;N/D;N/D;0;Residencial;CREDIT SUISSE;
HGRU11;CSHG Renda Urbana;118,27+0,44%;43308;100;Híbrido;CREDIT SUISSE;
;;44749,44028;;;;;
HLOG11;Hedge Logística;87,36-0,01%;43822;100;Logisticos;HEDGE INVESTMENTS;
;;44748,66736;;;;;
HMOC11;Hedge Shopping Praça da Moça;N/D;41346;287;Shopping/Varejo;HEDGE INVESTMENTS;
HOSI11;Housi;0,6797;43882;100;Residencial;VÓRTX;
;;44749,41944;;;;;
HPDP11;Hedge Shopping Parque Dom Pedro;80,99+1,22%;43819;100;Shopping/Varejo;HEDGE INVESTMENTS;
;;44748,54722;;;;;
HRDF11;Hedge Realty Development;1,23-0,8%;43742;2;Incorporação;HEDGE INVESTMENTS;
;;44748,6625;;;;;
HREC11;Hedge Recebíveis Imobiliários;0,9659;N/D;100;Recebíveis Imobiliários;HEDGE INVESTMENTS;
;;44749,42847;;;;;
HSAF11;HSI Ativos Financeiros;93,75-0,26%;44092;100;Recebíveis Imobiliários;BRL TRUST;
;;44749,44028;;;;;
HSLG11;HSI Logística;83,25+0,47%;44180;100;Logisticos;BRL TRUST;
;;44749,43889;;;;;
HSML11;HSI Malls;76,36+0,61%;43693;100;Shopping/Varejo;SANTANDER CACEIS ;
;;44749,44028;;;;;
HSRE11;HSI Renda Imobiliária;0,9999;38876;100;Híbrido;BRL TRUST;
;;44749,41667;;;;;
HTMX11;Hotel Maxinvest;85,51-0,62%;39276;100;Hoteis;btg pactual;
;;44749,43333;;;;;
HUCG11;Hospital Unimed Campina Grande;103,00+0,32%;44699;0;Hospital;COINVALORES;
;;44748,42708;;;;;
HUSC11;Hospital Unimed Sul Capixaba;100,05-2,82%;43220;100;Hospital;RIO BRAVO;
;;44748,59444;;;;;
HUSI11;HUSI;1.070,00+2,88%;43894;1000;Hospital;PLANNER;
;;44742,61458;;;;;
IAGR11;SFI Investimentos do Agronegócio Fiagro;N/D;N/D;0;N/D;N/D;
IBCR11;CRI Integral Brei;92,37+0,23%;44419;100;Recebíveis Imobiliários;null;
;;44749,43889;;;;;
IBFF11;FOF Integral Brei;62,05-1,49%;43748;100;Fundo de Fundos;btg pactual;
;;44748,70139;;;;;
IDFI11;Unidades Autônomas;82,39+0,01%;44403;100;N/D;N/D;
;;44748,65069;;;;;
IDGR11;Unidades Autônomas II;99,76+0,8%;N/D;0;N/D;ID CORRETORA DE TITULOS E VALORES MOBILIARIOS S.A.;
;;44676,53472;;;;;
IFIX;IFIX Índice de Fundos Imobiliários;2.790,00+0,06%;40542;1000;N/D;N/D;
;;44749,44028;;;;;
IFRA11;Itaú FIC FI-Infra;106,98+0,45%;43850;100;N/D;INTRAG;
;;44749,43958;;;;;
IRDM11;Iridium Recebíveis Imobiliários;104,24+0,23%;43167;100;Recebíveis Imobiliários;BTG PACTUAL;
;;44749,44028;;;;;
IRIM11;Iridium;1,0294;N/D;100;Recebíveis Imobiliários;BTG PACTUAL;
;;44749,43472;;;;;
ITIP11;Inter Teva Índice de Papel;83,30+0,12%;44251;100;Fundo de Fundos;INTER DTVM;
;;44749,43819;;;;;
ITIT11;Inter Teva Índice de Tijolo;72,39+1,39%;44078;100;Fundo de Fundos;INTER DTVM;
;;44749,43819;;;;;
JBFO11;JBFO FOF;86,77-0,35%;N/D;100;Fundo de Fundos;BEM DTVM;
;;44739,50972;;;;;
JFLL11;JFL Living;67,62-1,47%;44204;100;Residencial;GENIAL INVESTIMENTOS;
;;44749,44028;;;;;
JGPX11;JGP Crédito Fiagro;0,9572;44529;100;Agronegócio;BANCO DAYCOVAL;
;;44749,43958;;;;;
JPPA11;JPP Allocation Mogno;103,86+0,47%;43791;100;Recebíveis Imobiliários;VÓRTX;
;;44749,43958;;;;;
JPPC11;JPP Capital;140,01+8,5%;41418;1000;Incorporação;BANCO FINAXIS;
;;44719,55139;;;;;
JRDM11;Shopping Jardim Sul;76,09-1,88%;41163;100;Shopping/Varejo;BTG PACTUAL;
;;44748,70347;;;;;
JSAF11;JS Ativos Financeiros;78,28-0,9%;44525;100;Fundo de Fundos;BANCO J. SAFRA;
;;44749,43958;;;;;
JSIM11;JS Real Estate Renda Imobiliária;N/D;40714;1000;Recebíveis Imobiliários;BANCO J. SAFRA;
JSRE11;JS Real Estate Multigestão;77,36+0,21%;40704;100;Lajes Comerciais;BANCO J. SAFRA;
;;44749,44028;;;;;
JTPR11;JT PREV Desenvolvimento Habitacional;N/D;43046;100;Incorporação Residencial;PLANNER;
JURO11;Sparta FI-Infra;101,40+0,11%;44538;100;N/D;BTG PACTUAL;
;;44749,43958;;;;;
KCRE11;Kinea Creditas;1,0039;N/D;0;N/D;INTRAG;
;;44748,71181;;;;;
KDIF11;Kinea FI-Infra;136,41+0,48%;42852;100;N/D;INTRAG;
;;44749,44028;;;;;
KEVE11;Even II;1.000,00-4,76%;N/D;1000;Incorporação Residencial;INTRAG;
;;44726,68333;;;;;
KFOF11;Kinea Fundo de Fundos;74,08-0,19%;43487;100;Fundo de Fundos;INTRAG;
;;44749,43958;;;;;
KINP11;Even Permuta Kinea;13,00+0,85%;42992;10;Incorporação Residencial;INTRAG;
;;44749,4375;;;;;
KISU11;Kilima FoF Suno 30;7,60+0,66%;44112;10;Fundo de Fundos;BRL TRUST;
;;44749,44028;;;;;
KIVO11;Kilima Volkano Recebíveis;99,99+6,47%;44634;100;Recebíveis Imobiliários;BRL TRUST;
;;44748,71181;;;;;
KNCA11;Kinea Crédito Agro Fiagro;108,48+0,08%;44579;100;Agronegócio;INTRAG;
;;44749,42986;;;;;
KNCR11;Kinea Rendimentos Imobiliários FII;100,94+0,14%;41215;100;Recebíveis Imobiliários;INTRAG;
;;44749,44028;;;;;
KNHY11;Kinea High Yield CRI;100,21+0,37%;43320;100;Recebíveis Imobiliários;INTRAG;
;;44749,44028;;;;;
KNIP11;Kinea Índices de Preços;97,85-0,55%;42639;100;Recebíveis Imobiliários;INTRAG;
;;44749,44028;;;;;
KNRE11;Kinea II Real Estate Equity;0,0093;40819;10;Incorporação Residencial;INTRAG;
;;44749,41667;;;;;
KNRI11;Kinea Renda Imobiliária;129,95-0,22%;40513;100;Híbrido;INTRAG;
;;44749,44028;;;;;
KNSC11;Kinea Securities;92,11-0,72%;44132;100;Recebíveis Imobiliários;INTRAG;
;;44749,43958;;;;;
LASC11;Legatus Shoppings;0,9199;43708;100;Shopping/Varejo;btg pactual;
;;44747,50903;;;;;
LATR11B;Lateres;0,16;41394;100;Incorporação Residencial;OLIVEIRA TRUST;
;;44740,48889;;;;;
LFTT11;Loft II;0,9467;44039;100;Incorporação Residencial;MAF;
;;44749,41667;;;;;
LGCP11;Log CP Inter;76,56-0,56%;43822;100;Logisticos;INTER DTVM;
;;44749,43889;;;;;
LKDV11;Development V1;9,6958;N/D;0;N/D;BTG PACTUAL;
;;44650,54028;;;;;
LOFT11B;Loft I (Cota Sênior);N/D;43629;100;Incorporação Residencial;MAF;
LOFT13B;Loft I (Cota Subordinada);N/D;43629;100;Incorporação Residencial;MAF;
LSAG11;Leste Fiagro;106,50+2,86%;N/D;103,8;Agronegócio;BANCO GENIAL;
;;44748,69236;;;;;
LSPA11;Leste Riva Equity Preferencial I;107,30-0,07%;44694;100;Incorporação Residencial;GENIAL INVESTIMENTOS;
;;44740,62569;;;;;
LUGG11;Luggo;0,7966;43829;100;Residencial;INTER DTVM;
;;44749,41667;;;;;
LVBI11;VBI Logístico;98,35-0,19%;43420;100;Logisticos;BTG PACTUAL;
;;44749,43819;;;;;
MADS11;Mauá Capital Desenvolvimento I;N/D;N/D;100;Incorporação;BTG PACTUAL;
MALL11;Malls Brasil Plural;100,30+0,25%;43087;100;Shopping/Varejo;GENIAL INVESTIMENTOS;
;;44749,44028;;;;;
MATV11;More Gestão Ativa de Recebíveis;99,87+0,05%;44369;100;Recebíveis Imobiliários;BTG PACTUAL;
;;44748,56458;;;;;
MAXR11;Max Retail;78,13+0,04%;40112;52,63;Shopping/Varejo;BTG PACTUAL;
;;44749,44028;;;;;
MBRF11;Mercantil do Brasil;577,99-0,09%;40716;1000;Agencias Bancárias;RIO BRAVO;
;;44749,43611;;;;;
MCCI11;Mauá Capital Recebíveis Imobiliários;97,35+0,05%;43809;100;Recebíveis Imobiliários;BTG PACTUAL;
;;44749,44028;;;;;
MCHF11;Mauá Capital Hedge Fund;9,40-0,42%;44384;10;Recebíveis Imobiliários;BTG PACTUAL;
;;44749,44028;;;;;
MCHY11;Mauá High Yield;1,097;44405;100,08;Recebíveis Imobiliários;BTG PACTUAL;
;;44748,73889;;;;;
MFAI11;Mérito Fundos e Ações Imobiliárias;61,50-1,19%;44018;100;Fundo de Fundos;MÉRITO;
;;44749,43056;;;;;
MFII11;Mérito Desenvolvimento Imobiliário I;94,00-0,11%;41487;100;Incorporação Residencial;MÉRITO;
;;44749,43889;;;;;
MGCR11;Mogno CRIs High Grade;86,47+1,08%;N/D;100;Recebíveis Imobiliários;BTG PACTUAL;
;;44749,43889;;;;;
MGFF11;Mogno Fundo de Fundos;60,28-0,13%;43193;100;Fundo de Fundos;BTG PACTUAL;
;;44749,44028;;;;;
MGHT11;Mogno Hoteis;69,99+1,58%;43937;100;Hoteis;BTG PACTUAL;
;;44749,42986;;;;;
MGIM11;Mogno Real Estate Impact Development;101,10+0,39%;N/D;0;N/D;BTG PACTUAL;
;;44606,57083;;;;;
MGLG11;Mogno Suno Logística;43,46+0,05%;44281;100;Logisticos;BRL TRUST;
;;44749,43958;;;;;
MINT11;Mint Educacional;99,98-3,86%;N/D;100;Educacional;BANCO GENIAL;
;;44736,62917;;;;;
MMVE11;Maresias;1,3;44725;100;N/D;SINGULARE;
;;44742,69167;;;;;
MOFF11;Multioffices 2;N/D;N/D;0;Lajes Comerciais;OLIVEIRA TRUST;
MORC11;More Recebíveis Imobiliários;96,50-0,11%;44524;100;Recebíveis Imobiliários;N/D;
;;44749,43264;;;;;
MORE11;More Real Estate FOF;65,13+0,43%;43955;100;Fundo de Fundos;BTG PACTUAL;
;;44749,43542;;;;;
MSHP11;Mais Shopping Largo 13;N/D;40499;1000;Shopping/Varejo;BEM DTVM;
MTOF11;Alianza Multioffices;103,37+103,377%;N/D;1000;Híbrido;OLIVEIRA TRUST;
;;44578,21212;;;;;
MTRS11;Metropolis;N/D;N/D;0;Outros;BTG PACTUAL;
MVFI11;MV9 FII;N/D;N/D;1;Lajes Comerciais;BTG PACTUAL;
MXRF11;Maxi Renda;9,59+0,1%;40806;10;Recebíveis Imobiliários;BTG PACTUAL;
;;44749,44028;;;;;
NAVT11;Navi Imobiliário Total Return;72,60+1,11%;44280;100;Fundo de Fundos;BTG PACTUAL;
;;44748,71181;;;;;
NCHB11;NCH EQI High Yield Recebíveis Imobiliários;97,00+0,03%;41550;1000;Recebíveis Imobiliários;BTG PACTUAL;
;;44749,44028;;;;;
NCRA11;NCH EQI Recebíveis do Agronegócio Fiagro;92,23-0,3%;N/D;100;Agronegócio;BTG PACTUAL;
;;44748,71181;;;;;
NEWL11;Newport Logística;92,03+0,02%;43826;100;Logisticos;BANCO GENIAL;
;;44749,42708;;;;;
NEWU11;Newport Renda Urbana;31,52-3,02%;41012;100;Lajes Comerciais;GENIAL INVESTIMENTOS;
;;44749,43819;;;;;
NPAR11;Nestpar;12,82+2,07%;42513;50;Incorporação;PLANNER;
;;44676,69931;;;;;
NSLU11;Hospital Nossa Senhora de Lourdes;140,50-0,71%;39008;100;Hospital;BTG PACTUAL;
;;44749,43889;;;;;
NVHO11;Novo Horizonte;10,49-0,1%;41907;10;Hospital;GENIAL INVESTIMENTOS;
;;44749,41667;;;;;
NVIF11B;Nova I;24,24+26,909%;42353;1000000;Híbrido;MAF;
;;44578,21186;;;;;
OIAG11;Ourinvest Innovation Fiagro;9,49-0,11%;44705;10;Agronegócio;SINGULARE;
;;44749,42361;;;;;
ONEF11;The One;162,55+2%;40969;100;Lajes Comerciais;RIO BRAVO;
;;44749,41736;;;;;
ORPD11;Ouro Verde Desenvolvimento Imobiliário;0,93;42872;100;Recebíveis Imobiliários;PLANNER;
;;44722,71181;;;;;
OUFF11;Ourinvest Fundo de Fundos;63,74+0,36%;43661;100;Fundo de Fundos;BANCO OURINVEST S.A.;
;;44749,4375;;;;;
OUJP11;Ourinvest JPP;94,25-0,45%;42922;100;Recebíveis Imobiliários;FINAXIS CORRETORA;
;;44749,44028;;;;;
OULG11;Ourinvest Logística;42,68-0,02%;43417;100;Logisticos;BANCO OURINVEST S.A.;
;;44749,43125;;;;;
OURE11;Ourinvest Renda Estruturada;79,14-0,01%;43228;100;Recebíveis Imobiliários;BANCO OURINVEST S.A.;
;;44749,44028;;;;;
PABY11;Panamby;6,40-18,67%;34759;100;Incorporação;BRKB DTVM;
;;44748,71319;;;;;
PATB11;Pateo Bandeirantes;N/D;N/D;100;Lajes Comerciais;BTG PACTUAL;
PATC11;Pátria Edifícios Corporativos;66,47-0,06%;43557;100;Lajes Comerciais;MAF;
;;44749,43958;;;;;
PATL11;Pátria Logística;72,41+0,22%;44057;100;Logisticos;VÓRTX;
;;44749,44028;;;;;
PBLV11;Prologis Brazil Logistics Venture;900,59+900,598%;43577;1000;Logisticos;BRL TRUST;
;;44578,21219;;;;;
PBYR11;Panamby Renda Master;N/D;N/D;100;Recebíveis Imobiliários;BTG PACTUAL;
PCAS11;Praia do Castelo;N/D;N/D;0;N/D;PLANNER;
PEMA11;Performa Real Estate;44,52-5,01%;44235;100;Recebíveis Imobiliários;BRL TRUST;
;;44749,42639;;;;;
PLCR11;Plural Recebíveis Imobiliários;82,92+0,81%;43781;100;Recebíveis Imobiliários;GENIAL INVESTIMENTOS;
;;44749,43958;;;;;
PLOG11;Plural Logística;69,81-0,01%;44260;100;Logisticos;GENIAL INVESTIMENTOS;
;;44749,44028;;;;;
PLRI11;Polo;28,89-0,03%;40756;100;Recebíveis Imobiliários;OLIVEIRA TRUST;
;;44749,42014;;;;;
PNDL11;Panorama Desenvolvimento Logístico;N/D;44104;100000;Incorporação;BRL TRUST;
PNLN11;Panorama Last Mile SBC;N/D;N/D;0;N/D;BRL TRUST;
PNPR11;Panorama Properties;1;44585;100;Incorporação;SINGULARE;
;;44746,63681;;;;;
PORD11;Polo Crédito Imobiliário;96,79+0,18%;41278;100;Recebíveis Imobiliários;OLIVEIRA TRUST;
;;44749,43889;;;;;
PQAG11;Parque Anhanguera;56,99-0,08%;44042;100;Lajes Comerciais;HEDGE INVESTMENTS;
;;44747,71181;;;;;
PQDP11;Parque Dom Pedro Shopping Center;19,8;40164;1000;Shopping/Varejo;BTG PACTUAL;
;;44749,41667;;;;;
PRSN11B;Personale I;0,90+4,65%;40750;1;Incorporação Residencial;OLIVEIRA TRUST;
;;44748,70417;;;;;
PRSV11;Presidente Vargas;103,05-2,24%;40301;1000;Lajes Comerciais;HEDGE INVESTMENTS;
;;44749,43333;;;;;
PRTS11;Multi Properties;1,00+1%;42724;1;Shopping/Varejo;MAF;
;;44578,21207;;;;;
PURB11;Plural Renda Urbana;95,00+1,08%;44526;95;N/D;BANCO GENIAL;
;;44740,63264;;;;;
PVBI11;VBI Prime Properties;89,67+0,76%;44041;100;Lajes Comerciais;BTG PACTUAL;
;;44749,44028;;;;;
QAGR11;Quasar Agro;45,94-0,22%;43781;100;Agronegócio;BTG PACTUAL;
;;44749,43958;;;;;
QAMI11;Quasar Crédito;90,16+0,02%;44295;100;Recebíveis Imobiliários;GENIAL INVESTIMENTOS;
;;44749,43611;;;;;
QIRI11;Quatá Imob Recebíveis Imobiliários;82,01+14,69%;44029;100;Recebíveis Imobiliários;BRL TRUST;
;;44748,54722;;;;;
RBAG11;RB Capital Agre;N/D;40343;100;Incorporação Residencial;CITIBANK DTVM;
RBBV11;JHSF Rio Bravo Fazenda Boa Vista;N/D;41493;100;Incorporação;CAIXA ECONOMICA FEDERAL;
RBCB11;Rio Bravo Crédito Imobiliário I;N/D;40451;1000;Recebíveis Imobiliários;RIO BRAVO;
RBCO11;RB Capital Office Income;39,68+0,2%;43755;100;Lajes Comerciais;BRL TRUST;
;;44749,43819;;;;;
RBDS11;RB Capital Desenvolvimento Residencial II;3,58+43,2%;40406;1000;Incorporação Residencial;OLIVEIRA TRUST;
;;44748,66875;;;;;
RBED11;Rio Bravo Renda Educacional;116,60+0,01%;40806;100;Educacional;RIO BRAVO;
;;44749,43958;;;;;
RBFF11;Rio Bravo Fundo de Fundos;53,07+0,23%;41425;100;Fundo de Fundos;BRL TRUST;
;;44749,43958;;;;;
RBGS11;RB Capital General Shopping Sulacap;28,45+6,79%;40787;100;Shopping/Varejo;OLIVEIRA TRUST;
;;44560,75556;;;;;
RBHG11;Rio Bravo Crédito Imobiliário High Grade;85,70+0,37%;43591;100;Recebíveis Imobiliários;BRL TRUST;
;;44749,44028;;;;;
RBHY11;Rio Bravo Crédito Imobiliário High Yield;97,60-0,16%;44228;100;Recebíveis Imobiliários;BRL TRUST;
;;44749,43333;;;;;
RBIF11;Rio Bravo ESG FIC FI FI-Infra;98,50-5,27%;N/D;100;N/D;BANCO DAYCOVAL;
;;44748,69097;;;;;
RBIR11;RB Capital Desenvolvimento Residencial IV;65,54-0,51%;43893;100;Incorporação Residencial;OLIVEIRA TRUST;
;;44748,70833;;;;;
RBLG11;RB Capital Logístico;86,95+0,05%;44281;1000;Logisticos;BTG PACTUAL;
;;44743,69931;;;;;
RBPD11;RB Capital Prime Realty II;N/D;40883;100;Recebíveis Imobiliários;CITIBANK DTVM;
RBPR11;RB Capital Prime Realty I;N/D;40539;100;Incorporação Residencial;CITIBANK DTVM;
RBRD11;RB Capital Renda II;39,44+2,23%;40486;100;Lajes Comerciais;BV DTVM;
;;44749,43819;;;;;
RBRF11;RBR Alpha Multiestratégia Real Estate;68,13+0,04%;42992;100;Fundo de Fundos;BTG PACTUAL;
;;44749,44028;;;;;
RBRI11;RBR Desenvolvimento III;1.050,00+5%;N/D;100;N/D;BTG PACTUAL;
;;44706,62153;;;;;
RBRL11;RBR Log;84,92+0,62%;43941;100;Logisticos;BRL TRUST;
;;44749,44028;;;;;
RBRM11;RBR Desenvolvimento;16.565,01+38810,458%;43815;0;Incorporação;BTG PACTUAL;
;;44578,21235;;;;;
RBRP11;RBR Properties FII;57,98+0,31%;43827;80;Híbrido;BRL TRUST;
;;44749,44028;;;;;
RBRR11;RBR Rendimentos High Grade;99,91-0,71%;43217;100;Recebíveis Imobiliários;BTG PACTUAL;
;;44749,43958;;;;;
RBRS11;Rio Bravo Renda Residencial;57,36-0,93%;44096;100;Residencial;RIO BRAVO;
;;44748,65278;;;;;
RBRU11;RB Capital Renda Urbana;N/D;N/D;100;Lajes Comerciais;BRL TRUST;
RBRX11;RBR Plus Multiestratégia Real Estate;N/D;N/D;100;N/D;BTG PACTUAL;
RBRY11;RBR Crédito Imobiliário Estruturado;101,53+0,01%;43609;100;Recebíveis Imobiliários;BTG PACTUAL;
;;44749,44028;;;;;
RBTS11;RB Capital TFO Situs;940,30+963,662%;43265;1000;Incorporação;OLIVEIRA TRUST;
;;44578,40625;;;;;
RBVA11;Rio Bravo Renda Varejo;89,69+0,09%;41227;100;Híbrido;RIO BRAVO;
;;44749,43958;;;;;
RBVO11;Rio Bravo Crédito Imobiliário II;11,44+0,97%;41269;100;Recebíveis Imobiliários;RIO BRAVO;
;;44749,42778;;;;;
RCCS11;REP 1 CCS;N/D;40144;1000;Shopping/Varejo;CREDIT SUISSE;
RCFA11;Grupo RCFA;3,82+13,69%;43595;20;Incorporação;TERRA;
;;44748,71319;;;;;
RCFF11;RBR Desenvolvimento Comercial Feeder FOF;93,01+5,55%;44004;100;Fundo de Fundos;BRL TRUST;
;;44727,57569;;;;;
RCRB11;Rio Bravo Renda Corporativa;127,28-1,75%;37926;100;Lajes Comerciais;RIO BRAVO;
;;44749,44028;;;;;
RCRI11B;RB Capital Rendimentos;N/D;43420;1000;Recebíveis Imobiliários;OLIVEIRA TRUST;
RDPD11;Fundo BB Renda de Papéis II;52,51+0,01%;43223;100;Recebíveis Imobiliários;BV DTVM;
;;44748,66944;;;;;
RECR11;REC Recebíveis Imobiliários;101,29+0,21%;43024;100;Recebíveis Imobiliários;BRL TRUST;
;;44749,44028;;;;;
RECT11;REC Renda Imobiliária;57,70+0,75%;43579;100;Lajes Comerciais;BRL TRUST;
;;44749,44028;;;;;
RECX11;REC Fundo de Fundos;78,99+2,58%;44246;100;Fundo de Fundos;BTG PACTUAL;
;;44749,42014;;;;;
REIT11;Singulare FII;487,52-1,54%;41785;1000;Recebíveis Imobiliários;SINGULARE;
;;44698,58403;;;;;
RELG11;REC Logística;76,68+0,25%;N/D;100;Logisticos;BRL TRUST;
;;44749,43958;;;;;
RFOF11;RB Capital I Fundo de Fundos;69,44+0,06%;43889;100;Fundo de Fundos;BRL TRUST;
;;44749,43472;;;;;
RMAI11;REAG Multi Ativos Imobiliários;0,3585;41661;100;Híbrido;REAG;
;;44749,41667;;;;;
RNDP11;Fundo BB Renda de Papéis;296,68-1,43%;41016;1000;Recebíveis Imobiliários;BV DTVM;
;;44748,46042;;;;;
RNGO11;Rio Negro;46,50+0,06%;41038;100;Lajes Comerciais;RIO BRAVO;
;;44749,4375;;;;;
ROOF11;Rooftop I;850,00+5,93%;N/D;0;Incorporação Residencial;VÓRTX;
;;44747,475;;;;;
RPRI11;RBR Premium Recebíveis Imobiliários;N/D;N/D;0;N/D;INTRAG;
RRCI11;RB Capital Recebíveis Imobiliários;86,40-0,02%;44154;100;Recebíveis Imobiliários;BRL TRUST;
;;44749,41736;;;;;
RSBU11B;RSB 1;N/D;40819;1000;Híbrido;NSG CAPITAL DTVM;
RSPD11;RB Capital Desenvolvimento Residencial III;1.125,00-13,46%;43767;1000;Incorporação Residencial;OLIVEIRA TRUST;
;;44694,58819;;;;;
RURA11;Itaú Asset Rural Fiagro;10,31-0,19%;44629;10;Agronegócio;INTRAG;
;;44749,44028;;;;;
RVBI11;VBI Reits FOF;74,13+0,03%;43871;100;Fundo de Fundos;BRL TRUST;
;;44749,43125;;;;;
RZAG11;Riza Agro Fiagro;0,1005;44475;10;Agronegócio;BANCO GENIAL;
;;44749,43958;;;;;
RZAK11;Riza Akin;96,70-0,45%;N/D;100;Recebíveis Imobiliários;BTG PACTUAL;
;;44749,43889;;;;;
RZTR11;Riza Terrax;99,38-0,39%;44109;100;Agronegócio;BANCO GENIAL;
;;44749,44028;;;;;
SAAG11;Santander Agências;106,61+107,58%;41283;100;Agencias Bancárias;RIO BRAVO;
;;43941,78125;;;;;
SADI11;Santander Papéis Imobiliários CDI;90,52+0,06%;43685;100;Recebíveis Imobiliários;SANTANDER CACEIS ;
;;44749,43264;;;;;
SAIC11B;SIA Corporate;0,35;41696;100;Lajes Comerciais;BRB DTVM;
;;44725,54028;;;;;
SALI11;Vênus;N/D;N/D;100;Outros;VÓRTX;
SARE11;Santander Renda de Aluguéis;68,87-0,19%;43840;100;Lajes Comerciais;SANTANDER SECURITIES;
;;44749,44028;;;;;
SBCL11;FRAM Capital SBCLog;N/D;N/D;0;Logisticos;FRAM Capital;
SCPF11;SCP;4,99+4,07%;39015;10;Shopping/Varejo;BR-CAPITAL;
;;44749,43611;;;;;
SDIL11;SDI Rio Bravo Renda Logística;87,00+0,06%;41232;100;Logisticos;RIO BRAVO;
;;44749,44028;;;;;
SEED11;Hedge Seed;100,15+1,2%;N/D;0;N/D;HEDGE INVESTMENTS;
;;44748,49306;;;;;
SEQR11;Sequóia III Renda Imobiliária;62,99-0,19%;44253;100;Híbrido;VÓRTX;
;;44749,43611;;;;;
SFND11;São Fernando;N/D;39618;10;Lajes Comerciais;RIO BRAVO;
SFRO11;São Francisco 34;N/D;N/D;0;N/D;CM CAPITAL MARKETS;
SHDP11B;Shopping Parque Dom Pedro;1.094,00+1105,149%;41487;747,5;Shopping/Varejo;BTG PACTUAL;
;;44578,21186;;;;;
SHOP11;Multi Shoppings;100,00+100%;42529;100;Shopping/Varejo;BTG PACTUAL;
;;44578,21207;;;;;
SHPH11;Shopping Pátio Higienópolis;7,6104;37834;100;Shopping/Varejo;RIO BRAVO;
;;44749,41667;;;;;
SIGR11;SIG Capital Recebíveis Pulverizados;N/D;44407;0;Recebíveis Imobiliários;BTG PACTUAL;
SJAU11;SJ AU Logística;114,99+3,08%;N/D;100;Logisticos;VÓRTX;
;;44729,70833;;;;;
SNCI11;Suno Recebíveis;102,59+0,14%;N/D;100;Recebíveis Imobiliários;BTG PACTUAL;
;;44749,44028;;;;;
SNFF11;Suno Fundo de Fundos;90,20+1,1%;44319;100;Fundo de Fundos;BTG PACTUAL;
;;44749,44028;;;;;
SOLR11;Solarium;10,11;43970;1000;Híbrido;GENIAL INVESTIMENTOS;
;;44663,53194;;;;;
SPAF11;Spa;N/D;42716;1000;Shopping/Varejo;PLURAL;
SPTW11;SP Downtown;42,47+0,19%;41345;100;Lajes Comerciais;GENIAL INVESTIMENTOS;
;;44749,43889;;;;;
SPVJ11;Sucesspar Varejo;N/D;N/D;100;Shopping/Varejo;VÓRTX;
SPXS11;SPX SYN Multiestratégia;N/D;N/D;100;N/D;BTG PACTUAL;
SRVD11;Serra Verde;0,0838;44566;8,19;N/D;VÓRTX;
;;44748,61458;;;;;
STFI11;Santander Recebíveis Imobiliários;N/D;41359;10000;Recebíveis Imobiliários;SANTANDER SECURITIES;
STRX11;StarX;145,46+146,182%;N/D;10000;Shopping/Varejo;INTER DTVM;
;;44578,21225;;;;;
TBOF11;TB Office;N/D;41442;100;Lajes Comerciais;BTG PACTUAL;
TCIN11;G5 Cidade Nova;121,00+6,07%;N/D;100;Lajes Comerciais;SINGULARE;
;;44742,66181;;;;;
TCIN12;G5 Cidade Nova (Cota Ordinária);103,00+103%;N/D;100;Lajes Comerciais;SINGULARE;
;;44578,21208;;;;;
TCPF11;Treecorp Real Estate I;78,64+78,645%;43614;100;Incorporação;BR-CAPITAL;
;;44578,21213;;;;;
TELD11;Tellus Desenvolvimento Logístico;N/D;N/D;10000;Logisticos;BRL TRUST;
TEPP11;Tellus Properties;68,20+0,62%;43734;100;Lajes Comerciais;BRL TRUST;
;;44749,42986;;;;;
TFOF11;Hedge TOP FOFII;N/D;41858;100;Fundo de Fundos;HEDGE INVESTMENTS;
TGAR11;TG Ativo Real;113,15-0,03%;42920;100;Híbrido;VÓRTX;
;;44749,43889;;;;;
THRA11;Cyrela Thera Corporate;N/D;40924;100;Lajes Comerciais;HEDGE INVESTMENTS;
TORD11;Tordesilhas EI;8,80+0,23%;43924;10;Híbrido;VÓRTX;
;;44749,44028;;;;;
TORM11;Tourmalet I;N/D;42727;100;Incorporação;VÓRTX;
TOUR11;Tourmalet II;8,80+11,98%;43495;100;Incorporação;VÓRTX;
;;44530,78125;;;;;
TRNT11;Torre Norte;112,39+0,13%;38139;100;Lajes Comerciais;BTG PACTUAL;
;;44748,59792;;;;;
TRXB11;TRX Real Estate II;123,99+1,01%;44049;100;Logisticos;BRL TRUST;
;;44740,5125;;;;;
TRXF11;TRX Real Estate;98,21+0,02%;43488;100;Shopping/Varejo;BRL TRUST;
;;44749,44028;;;;;
TSER11;Tishman Speyer Renda Corporativa;105,00+0,96%;44286;100;Lajes Comerciais;BRL TRUST;
;;44748,4875;;;;;
TSNC11;Transinc;N/D;41964;1000;Lajes Comerciais;BTG PACTUAL;
TSNM11;TS New Marginal;N/D;N/D;0;N/D;BTG PACTUAL;
URPR11;Urca Prime Renda;107,96-0,36%;44070;100;Recebíveis Imobiliários;VÓRTX;
;;44749,44028;;;;;
VCJR11;Vectis Juros Real;97,12+0,01%;43858;100;Recebíveis Imobiliários;INTRAG;
;;44749,43958;;;;;
VCRA11;Vectis Datagro Crédito Agronegócio Fiagro;1,04;44559;100;Agronegócio;INTRAG;
;;44749,42847;;;;;
VCRI11;Vinci Credit Securities;9,33-0,64%;44697;10;Recebíveis Imobiliários;BRL TRUST;
;;44749,43889;;;;;
VCRR11;Vectis Renda Residencial;0,697;44347;100;Residencial;BRL TRUST;
;;44749,41667;;;;;
VERE11;Vereda;214,96+219,225%;41642;100;Lajes Comerciais;VÓRTX;
;;44578,21226;;;;;
VGHF11;Valora Hedge Fund;0,0975;44256;10;Recebíveis Imobiliários;BANCO DAYCOVAL;
;;44749,44028;;;;;
VGIA11;Valora CRA Fiagro;10,05-0,4%;44524;10;Agronegócio;BTG PACTUAL;
;;44749,44028;;;;;
VGIP11;Valora CRI Índice de Preço;99,90+0,2%;43910;100;Recebíveis Imobiliários;BTG PACTUAL;
;;44749,43958;;;;;
VGIR11;Valora CRI CDI;100,30-0,15%;43312;100;Recebíveis Imobiliários;BTG PACTUAL;
;;44749,43958;;;;;
VIDS11;Vic Desenvolvimento - Vintage 20/21;N/D;N/D;1000;Incorporação;BANCO GENIAL;
VIFI11;Vinci Instrumentos Financeiros;6,89+0,15%;43882;10;Fundo de Fundos;BRL TRUST;
;;44749,43542;;;;;
VILG11;Vinci Logística;94,50+0,27%;43444;100;Logisticos;BRL TRUST;
;;44749,44028;;;;;
VINO11;Vinci Offices;44,21-0,07%;43797;63,5;Lajes Comerciais;BRL TRUST;
;;44749,43958;;;;;
VISC11;Vinci Shopping Centers;99,82+0,43%;41708;100;Shopping/Varejo;BRL TRUST;
;;44749,44028;;;;;
VIUR11;Vinci Imóveis Urbanos;7,10+1,28%;44347;10;Híbrido;BRL TRUST;
;;44749,43958;;;;;
VJFD11;JFDCAM;N/D;N/D;0;N/D;VOTORANTIM ASSET;
VLJS11;Vector Queluz Lajes Corporativas;N/D;41610;1000;Lajes Comerciais;PLANNER;
VLOL11;Vila Olímpia Corporate;98,07-0,54%;41135;100;Lajes Comerciais;OLIVEIRA TRUST;
;;44749,41667;;;;;
VOTS11;Votorantim Securities Master;88,52-1,01%;43299;100;Recebíveis Imobiliários;VOTORANTIM ASSET;
;;44748,69375;;;;;
VPSI11;Polo Shopping Indaiatuba;N/D;41768;10;Shopping/Varejo;BRL TRUST;
VRTA11;Fator Verità;96,14+0,25%;40544;100;Recebíveis Imobiliários;BANCO FATOR;
;;44749,44028;;;;;
VSEC11;Votorantim Securities;0,7;44013;100;Recebíveis Imobiliários;VOTORANTIM ASSET;
;;44742,42847;;;;;
VSHO11;Votorantim Shopping;78,95+0,95%;43437;100;Shopping/Varejo;VOTORANTIM ASSET;
;;44749,43681;;;;;
VSLH11;Versalhes Recebíveis Imobiliários;9,29+0,76%;44186;10;Recebíveis Imobiliários;VÓRTX;
;;44749,44028;;;;;
VTLT11;Votorantim Logística;88,18+0,36%;43213;100;Logisticos;BV DTVM;
;;44749,43056;;;;;
VTPA11;Votorantim Patrimonial V;N/D;N/D;100;Lajes Comerciais;BV DTVM;
VTPL11;FII Plus;N/D;N/D;100;Logisticos;BTG PACTUAL;
VTRT11;Votorantim Securities III;N/D;N/D;0;Recebíveis Imobiliários;VOTORANTIM ASSET;
VTVI11;Parking Partners;N/D;N/D;100;Shopping/Varejo;VOTORANTIM ASSET;
VTXI11;Votorantim Patrimonial XII;N/D;N/D;100;Incorporação;BV DTVM;
VVPR11;V2 Properties;95,90-0,06%;43468;100;Híbrido;BTG PACTUAL;
;;44748,70833;;;;;
VXXV11;Genesis Multiestratégia;8,85;N/D;100;Incorporação;VÓRTX;
;;44746,63542;;;;;
WHGR11;WHG Real Estate;10,10+0,6%;N/D;10;N/D;BANCO GENIAL;
;;44749,42431;;;;;
WMRB11B;WM RB Capital;N/D;40722;1000;Recebíveis Imobiliários;CITIBANK DTVM;
WPLZ11;West Plaza;71,49+0,69%;39672;100;Shopping/Varejo;HEDGE INVESTMENTS;
;;44749,43819;;;;;
WTSP11B;Ourinvest RE I;39,00+0,02%;43276;75;Lajes Comerciais;BANCO OURINVEST S.A.;
;;44748,42431;;;;;
WVSC11;Warren Vectis Securities;N/D;N/D;0;N/D;WARREN;
XBXO11;R Cap 1810 Fundo de Fundos;N/D;N/D;0;Fundo de Fundos;Monetar;
XPCA11;XP Crédito Agrícola Fiagro;10,25+0,79%;44517;10;Agronegócio;XP INVESTIMENTOS;
;;44749,43889;;;;;
XPCI11;XP Crédito;93,50-0,34%;43816;100;Recebíveis Imobiliários;VÓRTX;
;;44749,43889;;;;;
XPCM11;XP Corporate Macaé;0,1398;41341;100;Lajes Comerciais;RIO BRAVO;
;;44749,44028;;;;;
XPGA11;XP Recebíveis;N/D;40885;100;Recebíveis Imobiliários;XP INVESTIMENTOS;
XPHT11;XP Hotéis (Cota Sênior);105,52+0,39%;43579;100;Hoteis;GENIAL INVESTIMENTOS;
;;44748,66806;;;;;
XPHT12;XP Hotéis (Cota Ordinária);34,50+4,54%;43579;100;Hoteis;GENIAL INVESTIMENTOS;
;;44747,66875;;;;;
XPID11;XP FIC FI-Infra;85,77+0,01%;44302;100;N/D;PLURAL;
;;44749,42361;;;;;
XPIN11;XP Industrial;71,75+0,06%;43272;100;Logisticos;VÓRTX;
;;44749,43958;;;;;
XPLG11;XP Log;94,24+0,26%;43256;100;Logisticos;VÓRTX;
;;44749,44028;;;;;
XPML11;XP Malls;92,45+0,14%;43097;100;Shopping/Varejo;XP INVESTIMENTOS;
;;44749,44028;;;;;
XPPR11;XP Properties;45,44+0,64%;43808;100;Lajes Comerciais;VÓRTX;
;;44749,44028;;;;;
XPSF11;XP Selection;6,95+0,29%;43513;10;Fundo de Fundos;XP INVESTIMENTOS;
;;44749,44028;;;;;
XTED11;TRX Edifícios Corporativos;6,00-0,17%;41226;100;Lajes Comerciais;BTG PACTUAL;
;;44749,41667;;;;;
YUFI11;Yuca;105,00+9,56%;44144;100;Residencial;BRL TRUST;
;;44685,71181;;;;;
ZIFI11;Zion Capital;11,46;44377;1000;Outros;PLANNER;
;;44747,46667;;;;;
